{"cameraMode":{"drawMode":0,"name":"Shaded","section":"Shading Mode"},"sceneLighting":false,"audioPlay":false,"sceneViewState":{"m_AlwaysRefresh":false,"showFog":true,"showSkybox":false,"showFlares":true,"showImageEffects":true,"showParticleSystems":true,"showVisualEffectGraphs":true,"m_FxEnabled":true},"in2DMode":false,"pivot":{"x":2.0950000286102297,"y":61.4900016784668,"z":47.630001068115237},"rotation":{"x":0.031062573194503785,"y":-0.9585134983062744,"z":0.11567474901676178,"w":0.26046451926231387},"size":9.308974266052246,"orthographic":true}