{"cameraMode":{"drawMode":0,"name":"Shaded","section":"Shading Mode"},"sceneLighting":true,"audioPlay":false,"sceneViewState":{"m_AlwaysRefresh":false,"showFog":true,"showSkybox":true,"showFlares":true,"showImageEffects":true,"showParticleSystems":true,"showVisualEffectGraphs":true,"m_FxEnabled":true},"in2DMode":false,"pivot":{"x":2.0140979290008547,"y":17.042692184448243,"z":12.394584655761719},"rotation":{"x":0.06370441615581513,"y":-0.9298818707466126,"z":0.1939621865749359,"w":0.30752062797546389},"size":34.01237106323242,"orthographic":true}