{"cameraMode":{"drawMode":0,"name":"Shaded","section":"Shading Mode"},"sceneLighting":true,"audioPlay":false,"sceneViewState":{"m_AlwaysRefresh":false,"showFog":true,"showSkybox":true,"showFlares":true,"showImageEffects":true,"showParticleSystems":true,"showVisualEffectGraphs":true,"m_FxEnabled":true},"in2DMode":false,"pivot":{"x":2.8299999237060549,"y":5.449999809265137,"z":23.549999237060548},"rotation":{"x":0.038426198065280917,"y":0.861621618270874,"z":-0.06606916338205338,"w":0.5018714070320129},"size":5.975922584533691,"orthographic":true}