{"cameraMode":{"drawMode":0,"name":"Shaded","section":"Shading Mode"},"sceneLighting":true,"audioPlay":false,"sceneViewState":{"m_AlwaysRefresh":false,"showFog":true,"showSkybox":true,"showFlares":true,"showImageEffects":true,"showParticleSystems":true,"showVisualEffectGraphs":true,"m_FxEnabled":true},"in2DMode":false,"pivot":{"x":2.0140979290008547,"y":17.042692184448243,"z":12.394584655761719},"rotation":{"x":-0.04708466678857803,"y":-0.9307087659835815,"z":0.34076252579689028,"w":-0.12794895470142365},"size":29.979127883911134,"orthographic":true}