{"cameraMode":{"drawMode":0,"name":"Shaded","section":"Shading Mode"},"sceneLighting":true,"audioPlay":false,"sceneViewState":{"m_AlwaysRefresh":false,"showFog":true,"showSkybox":true,"showFlares":true,"showImageEffects":true,"showParticleSystems":true,"showVisualEffectGraphs":true,"m_FxEnabled":true},"in2DMode":false,"pivot":{"x":2.0140979290008547,"y":17.042692184448243,"z":12.394584655761719},"rotation":{"x":0.0677758976817131,"y":-0.6016982793807983,"z":-0.05201185122132301,"w":-0.7947232723236084},"size":21.170429229736329,"orthographic":true}