{"cameraMode":{"drawMode":0,"name":"Shaded","section":"Shading Mode"},"sceneLighting":false,"audioPlay":false,"sceneViewState":{"m_AlwaysRefresh":false,"showFog":true,"showSkybox":false,"showFlares":true,"showImageEffects":true,"showParticleSystems":true,"showVisualEffectGraphs":true,"m_FxEnabled":true},"in2DMode":false,"pivot":{"x":-2.7393698692321779,"y":1.5623340606689454,"z":0.15670080482959748},"rotation":{"x":0.001110895536839962,"y":0.6647758483886719,"z":-0.0010094717144966126,"w":0.7470351457595825},"size":1.0096607208251954,"orthographic":false}